<?xml version="1.0" encoding="utf-8" ?>
<component name="MainScene" extends="Scene">
  <script type="text/brightscript" uri="pkg:/components/MainScene.brs" />
  <interface>
    <field id="tipText" type="string" />
  </interface>
  <children>
    <Label id="tipLabel" text="Waiting for polling data" translation="[50,50]" />
    <Poster id="qrPoster"
            uri="pkg:/images/qr.png"
            width="200"
            height="200"
            translation="[1000, 500]"
            visible="true" />
  </children>
</component>
